frame_id,timestamp,timestamp_sys
1,1759241922671134020,1759242350480243172
2,1759241922871134030,1759242350680214722
3,1759241923071134023,1759242350880235035
4,1759241923271134033,1759242351080096457
5,1759241923471134013,1759242351280145153
6,1759241923671134023,1759242351480271245
7,1759241923871134033,1759242351680154679
8,1759241924071134024,1759242351880187916
9,1759241924271134004,1759242352080132085
10,1759241924471134029,1759242352280275069
11,1759241924671134024,1759242352480159294
12,1759241924871134004,1759242352680115655
13,1759241925071134025,1759242352880140115
14,1759241925271134020,1759242353080081759
15,1759241925471134030,1759242353280145353
16,1759241925671134025,1759242353480120380
17,1759241925871134020,1759242353680240351
18,1759241926071134006,1759242353880103786
19,1759241926271134031,1759242354080236762
20,1759241926471134026,1759242354280294905
21,1759241926671134006,1759242354480269121
22,1759241926871134031,1759242354680145811
23,1759241927071134027,1759242354880090661
24,1759241927271134022,1759242355080130881
25,1759241927471134032,1759242355280188253
26,1759241927671134027,1759242355480210839
27,1759241927871134022,1759242355680213719
28,1759241928071134019,1759242355880197381
29,1759241928271134029,1759242356080077489
30,1759241928471134009,1759242356280095677
31,1759241928671134019,1759242356480223562
32,1759241928871134029,1759242356680190383
33,1759241929071134022,1759242356880162494
34,1759241929271134032,1759242357080231168
35,1759241929471134027,1759242357280303208
36,1759241929671134022,1759242357480235133
37,1759241929871134032,1759242357680320287
38,1759241930071134021,1759242357880112067
39,1759241930271134031,1759242358080289777
40,1759241930471134026,1759242358280118406
41,1759241930671134021,1759242358480190466
42,1759241930871134031,1759242358680204797
43,1759241931071134012,1759242358880125701
44,1759241931271134022,1759242359080194475
45,1759241931471134032,1759242359280225707
46,1759241931671134012,1759242359480269293
47,1759241931871134022,1759242359680141445
48,1759241932071134029,1759242359880141228
49,1759241932271134009,1759242360080122526
50,1759241932471134019,1759242360280269217
51,1759241932671134029,1759242360480117895
52,1759241932871134009,1759242360680136804
53,1759241933071134030,1759242360880358547
54,1759241933271134025,1759242361080328093
55,1759241933471134005,1759242361280132626
56,1759241933671134030,1759242361480202121
57,1759241933871134025,1759242361680374761
58,1759241934071134020,1759242361880225672
59,1759241934271134015,1759242362080161975
60,1759241934471134025,1759242362280386343
61,1759241934671134020,1759242362480140612
62,1759241934871134015,1759242362680140715
63,1759241935071134023,1759242362880179913
64,1759241935271134033,1759242363080394933
65,1759241935471134028,1759242363280291080
66,1759241935671134023,1759242363480361526
67,1759241935871134033,1759242363680170999
68,1759241936071134021,1759242363880195369
69,1759241936271134016,1759242364080356066
70,1759241936471134026,1759242364280382920
71,1759241936671134021,1759242364480165041
72,1759241936871134016,1759242364680314487
73,1759241937071134004,1759242364880198120
74,1759241937271134029,1759242365080211529
75,1759241937471134024,1759242365280272387
76,1759241937671134004,1759242365480273632
77,1759241937871134029,1759242365680315725
78,1759241938071134022,1759242365880358669
79,1759241938271134032,1759242366080219199
80,1759241938471134012,1759242366280181391
81,1759241938671134022,1759242366480274400
82,1759241938871134032,1759242366680269674
83,1759241939071134026,1759242366880422225
84,1759241939271134006,1759242367080376232
85,1759241939471134031,1759242367280226752
86,1759241939671134026,1759242367480280787
87,1759241939871134006,1759242367680391921
88,1759241940071134028,1759242367880309738
89,1759241940271134023,1759242368080201186
90,1759241940471134018,1759242368280358616
91,1759241940671134028,1759242368480373849
92,1759241940871134023,1759242368680398358
93,1759241941071134014,1759242368880391979
94,1759241941271134024,1759242369080211330
95,1759241941471134019,1759242369280216523
96,1759241941671134014,1759242369480345440
97,1759241941871134024,1759242369680270511
98,1759241942071134026,1759242369880364151
99,1759241942271134021,1759242370080222005
100,1759241942471134016,1759242370280270770
101,1759241942671134026,1759242370480243552
102,1759241942871134021,1759242370680408296
103,1759241943071134010,1759242370880359176
104,1759241943271134020,1759242371080463115
105,1759241943471134030,1759242371280266015
106,1759241943671134010,1759242371480233878
107,1759241943871134020,1759242371680266713
108,1759241944071134015,1759242371880266405
109,1759241944271134025,1759242372080378249
110,1759241944471134020,1759242372280349387
111,1759241944671134015,1759242372480359569
112,1759241944871134025,1759242372680468318
113,1759241945071134011,1759242372880462339
114,1759241945271134021,1759242373080458715
115,1759241945471134031,1759242373280265853
116,1759241945671134011,1759242373480266206
117,1759241945871134021,1759242373680254838
118,1759241946071134018,1759242373880380017
119,1759241946271134028,1759242374080399847
120,1759241946471134023,1759242374280361227
121,1759241946671134018,1759242374480459375
122,1759241946871134028,1759242374680450280
123,1759241947071134024,1759242374880453860
124,1759241947271134019,1759242375080385834
125,1759241947471134014,1759242375280396126
126,1759241947671134024,1759242375480407019
127,1759241947871134019,1759242375680474850
128,1759241948071134009,1759242375880382077
129,1759241948271134019,1759242376080315143
130,1759241948471134029,1759242376280500576
131,1759241948671134009,1759242376480358140
132,1759241948871134019,1759242376680283792
133,1759241949071134020,1759242376880475356
134,1759241949271134030,1759242377080431756
135,1759241949471134010,1759242377280431669
136,1759241949671134020,1759242377480373371
137,1759241949871134030,1759242377680457192
138,1759241950071134026,1759242377880362335
139,1759241950271134006,1759242378080376555
140,1759241950471134031,1759242378280495582
141,1759241950671134026,1759242378480392920
142,1759241950871134006,1759242378680393564
143,1759241951071134004,1759242378880382926
144,1759241951271134029,1759242379080377960
145,1759241951471134024,1759242379280315624
146,1759241951671134004,1759242379480442346
147,1759241951871134029,1759242379680534192
148,1759241952071134031,1759242379880493046
149,1759241952271134026,1759242380080395675
150,1759241952471134006,1759242380280365339
151,1759241952671134031,1759242380480334383
152,1759241952871134026,1759242380680480131
153,1759241953071134032,1759242380880528084
154,1759241953271134012,1759242381080387611
155,1759241953471134022,1759242381280379638
156,1759241953671134032,1759242381480468047
157,1759241953871134012,1759242381680578759
158,1759241954071134032,1759242381880358825
159,1759241954271134027,1759242382080516516
160,1759241954471134022,1759242382280491631
161,1759241954671134032,1759242382480468349
162,1759241954871134027,1759242382680528966
163,1759241955071134033,1759242382880388563
164,1759241955271134028,1759242383080364750
165,1759241955471134023,1759242383280454031
166,1759241955671134033,1759242383480453712
167,1759241955871134028,1759242383680384093
168,1759241956071134023,1759242383880523969
169,1759241956271134004,1759242384080521727
170,1759241956471134029,1759242384280601500
171,1759241956671134024,1759242384480455576
172,1759241956871134004,1759242384680554686
173,1759241957071134031,1759242384880398533
174,1759241957271134011,1759242385080474128
175,1759241957471134021,1759242385280611940
176,1759241957671134031,1759242385480484572
177,1759241957871134011,1759242385680450168
178,1759241958071134022,1759242385880597940
179,1759241958271134017,1759242386080390941
180,1759241958471134027,1759242386280421080
181,1759241958671134022,1759242386480392698
182,1759241958871134017,1759242386680629628
183,1759241959071134023,1759242386880398092
184,1759241959271134018,1759242387080563146
185,1759241959471134028,1759242387280594046
186,1759241959671134023,1759242387480618985
187,1759241959871134018,1759242387680485074
188,1759241960071134029,1759242387880484254
189,1759241960271134024,1759242388080622378
190,1759241960471134004,1759242388280437009
191,1759241960671134029,1759242388480525608
192,1759241960871134024,1759242388680526462
193,1759241961071134012,1759242388880628436
194,1759241961271134022,1759242389080642224
195,1759241961471134032,1759242389280503123
196,1759241961671134012,1759242389480614195
197,1759241961871134022,1759242389680615008
198,1759241962071134019,1759242389880487669
199,1759241962271134029,1759242390080482812
200,1759241962471134009,1759242390280526897
201,1759241962671134019,1759242390480526017
202,1759241962871134029,1759242390680428434
203,1759241963071134032,1759242390880633383
204,1759241963271134012,1759242391080678991
205,1759241963471134022,1759242391280478183
206,1759241963671134032,1759242391480527198
207,1759241963871134012,1759242391680621337
208,1759241964071134026,1759242391880448111
209,1759241964271134021,1759242392080472860
210,1759241964471134016,1759242392280629488
211,1759241964671134026,1759242392480451893
212,1759241964871134021,1759242392680473276
213,1759241965071134028,1759242392880707991
214,1759241965271134008,1759242393080699817
215,1759241965471134033,1759242393280493178
216,1759241965671134028,1759242393480666137
217,1759241965871134008,1759242393680642574
218,1759241966071134016,1759242393880704021
219,1759241966271134026,1759242394080714313
220,1759241966471134021,1759242394280469121
221,1759241966671134016,1759242394480527412
222,1759241966871134026,1759242394680494832
223,1759241967071134023,1759242394880690744
224,1759241967271134033,1759242395080511787
225,1759241967471134013,1759242395280526747
226,1759241967671134023,1759242395480591942
227,1759241967871134033,1759242395680508836
228,1759241968071134029,1759242395880710168
229,1759241968271134024,1759242396080606814
230,1759241968471134019,1759242396280671057
231,1759241968671134029,1759242396480742243
232,1759241968871134024,1759242396680572884
233,1759241969071134033,1759242396880700957
234,1759241969271134028,1759242397080547459
235,1759241969471134008,1759242397280617443
236,1759241969671134033,1759242397480621912
237,1759241969871134028,1759242397680528838
238,1759241970071134029,1759242397880603139
239,1759241970271134009,1759242398080602510
240,1759241970471134019,1759242398280603483
241,1759241970671134029,1759242398480750662
242,1759241970871134009,1759242398680618724
243,1759241971071134025,1759242398880647781
244,1759241971271134020,1759242399080613707
245,1759241971471134015,1759242399280760556
246,1759241971671134025,1759242399480736813
247,1759241971871134020,1759242399680614392
248,1759241972071134030,1759242399880528872
249,1759241972271134025,1759242400080662546
250,1759241972471134020,1759242400280569672
251,1759241972671134030,1759242400480776354
252,1759241972871134025,1759242400680719607
253,1759241973071134026,1759242400880689070
254,1759241973271134021,1759242401080753183
255,1759241973471134016,1759242401280786667
256,1759241973671134026,1759242401480742545
257,1759241973871134021,1759242401680782031
258,1759241974071134020,1759242401880550855
259,1759241974271134015,1759242402080551828
260,1759241974471134025,1759242402280551589
261,1759241974671134020,1759242402480604339
262,1759241974871134015,1759242402680634808
263,1759241975071134032,1759242402880560118
264,1759241975271134027,1759242403080724690
265,1759241975471134007,1759242403280790525
266,1759241975671134032,1759242403480576692
267,1759241975871134027,1759242403680675941
268,1759241976071134011,1759242403880605499
269,1759241976271134021,1759242404080572427
270,1759241976471134031,1759242404280690031
271,1759241976671134011,1759242404480695051
272,1759241976871134021,1759242404680616113
273,1759241977071134026,1759242404880650519
274,1759241977271134021,1759242405080619431
275,1759241977471134031,1759242405280748716
276,1759241977671134026,1759242405480782742
277,1759241977871134021,1759242405680691700
278,1759241978071134011,1759242405880620937
279,1759241978271134021,1759242406080592885
280,1759241978471134031,1759242406280843329
281,1759241978671134011,1759242406480627533
282,1759241978871134021,1759242406680651008
283,1759241979071134030,1759242406880783319
284,1759241979271134025,1759242407080622065
285,1759241979471134005,1759242407280929737
286,1759241979671134030,1759242407480622046
287,1759241979871134025,1759242407680766149
288,1759241980071134031,1759242407880665420
289,1759241980271134011,1759242408080756162
290,1759241980471134021,1759242408280784076
291,1759241980671134031,1759242408480702702
292,1759241980871134011,1759242408680721268
293,1759241981071134011,1759242408880854311
294,1759241981271134021,1759242409080625629
295,1759241981471134031,1759242409280740768
296,1759241981671134011,1759242409480823715
297,1759241981871134021,1759242409680632524
298,1759241982071134025,1759242409880657111
299,1759241982271134020,1759242410080747974
300,1759241982471134030,1759242410280790124
301,1759241982671134025,1759242410480880085
302,1759241982871134020,1759242410680875837
303,1759241983071134031,1759242410880662054
304,1759241983271134011,1759242411080697091
305,1759241983471134021,1759242411280648309
306,1759241983671134031,1759242411480675121
307,1759241983871134011,1759242411680876241
308,1759241984071134029,1759242411880667727
309,1759241984271134024,1759242412080786823
310,1759241984471134004,1759242412280841377
311,1759241984671134029,1759242412480787375
312,1759241984871134024,1759242412680866455
313,1759241985071134026,1759242412880883728
314,1759241985271134006,1759242413080904619
315,1759241985471134031,1759242413280787648
316,1759241985671134026,1759242413480713047
317,1759241985871134006,1759242413680732465
318,1759241986071134032,1759242413880713369
319,1759241986271134012,1759242414080761801
320,1759241986471134022,1759242414280830922
321,1759241986671134032,1759242414480900284
322,1759241986871134012,1759242414680787160
323,1759241987071134027,1759242414880785648
324,1759241987271134022,1759242415080859087
325,1759241987471134017,1759242415280855611
326,1759241987671134027,1759242415480850391
327,1759241987871134022,1759242415680786771
328,1759241988071134027,1759242415880846975
329,1759241988271134022,1759242416080721599
330,1759241988471134017,1759242416280757998
331,1759241988671134027,1759242416480789478
332,1759241988871134022,1759242416680910988
333,1759241989071134022,1759242416880879198
334,1759241989271134032,1759242417080861525
335,1759241989471134027,1759242417280728173
336,1759241989671134022,1759242417480723955
337,1759241989871134032,1759242417680882385
338,1759241990071134027,1759242417880723755
339,1759241990271134022,1759242418080899859
340,1759241990471134032,1759242418280896162
341,1759241990671134012,1759242418480861647
342,1759241990871134022,1759242418680857399
343,1759241991071134032,1759242418880922061
344,1759241991271134027,1759242419080782468
345,1759241991471134007,1759242419280739126
346,1759241991671134032,1759242419480891995
347,1759241991871134027,1759242419680902485
348,1759241992071134029,1759242419880901744
349,1759241992271134024,1759242420080896194
350,1759241992471134019,1759242420280866968
351,1759241992671134029,1759242420480904570
352,1759241992871134024,1759242420680784543
353,1759241993071134025,1759242420880985032
354,1759241993271134020,1759242421080750118
355,1759241993471134030,1759242421280807346
356,1759241993671134025,1759242421480980323
357,1759241993871134020,1759242421680853373
358,1759241994071134010,1759242421880787749
359,1759241994271134020,1759242422080945547
360,1759241994471134030,1759242422280842483
361,1759241994671134010,1759242422481005060
362,1759241994871134020,1759242422680971617
363,1759241995071134019,1759242422880980093
364,1759241995271134029,1759242423080784463
365,1759241995471134009,1759242423280994169
366,1759241995671134019,1759242423480785415
367,1759241995871134029,1759242423680858302
368,1759241996071134004,1759242423880989991
369,1759241996271134029,1759242424080992696
370,1759241996471134024,1759242424280906483
371,1759241996671134004,1759242424480986394
372,1759241996871134029,1759242424680864263
373,1759241997071134004,1759242424880789491
374,1759241997271134029,1759242425080857770
375,1759241997471134024,1759242425280790624
376,1759241997671134004,1759242425480841038
377,1759241997871134029,1759242425681029835
378,1759241998071134022,1759242425880903406
379,1759241998271134032,1759242426080855285
380,1759241998471134012,1759242426280903886
381,1759241998671134022,1759242426480938742
382,1759241998871134032,1759242426680889058
383,1759241999071134025,1759242426880878127
384,1759241999271134020,1759242427080808175
385,1759241999471134015,1759242427281013332
386,1759241999671134025,1759242427481032338
387,1759241999871134020,1759242427680865672
388,1759242000071134026,1759242427881041815
389,1759242000271134021,1759242428080860092
390,1759242000471134031,1759242428280879518
391,1759242000671134026,1759242428480846395
392,1759242000871134021,1759242428681042776
393,1759242001071134021,1759242428880879607
394,1759242001271134016,1759242429081077150
395,1759242001471134026,1759242429280915154
396,1759242001671134021,1759242429480905575
397,1759242001871134016,1759242429681025632
398,1759242002071134017,1759242429880954427
399,1759242002271134027,1759242430080910994
400,1759242002471134022,1759242430280911144
401,1759242002671134017,1759242430480871378
402,1759242002871134027,1759242430680980163
403,1759242003071134022,1759242430880839677
404,1759242003271134008,1759242431080894801
405,1759242003471134033,1759242431281005480
406,1759242003671134028,1759242431480971625
407,1759242003871134008,1759242431680849544
408,1759242004071134019,1759242431881024555
409,1759242004271134014,1759242432080885792
410,1759242004471134024,1759242432280988746
411,1759242004671134019,1759242432480949702
412,1759242004871134014,1759242432680885069
413,1759242005071134031,1759242432881043097
414,1759242005271134026,1759242433080993262
415,1759242005471134021,1759242433280968986
416,1759242005671134031,1759242433480919732
417,1759242005871134026,1759242433681116935
418,1759242006071134010,1759242433881112104
419,1759242006271134020,1759242434080989903
420,1759242006471134030,1759242434281044566
421,1759242006671134010,1759242434480980053
422,1759242006871134020,1759242434680877479
423,1759242007071134031,1759242434880916863
424,1759242007271134011,1759242435081013434
425,1759242007471134021,1759242435281043771
426,1759242007671134031,1759242435480926959
427,1759242007871134011,1759242435681020696
428,1759242008071134024,1759242435880896520
429,1759242008271134019,1759242436080941174
430,1759242008471134029,1759242436280897721
431,1759242008671134024,1759242436480984265
432,1759242008871134019,1759242436681086246
433,1759242009071134029,1759242436881038756
434,1759242009271134024,1759242437080985174
435,1759242009471134019,1759242437281143202
436,1759242009671134029,1759242437481144093
437,1759242009871134024,1759242437681045786
438,1759242010071134025,1759242437881167606
439,1759242010271134020,1759242438081162385
440,1759242010471134030,1759242438281156813
441,1759242010671134025,1759242438480961563
442,1759242010871134020,1759242438681100064
443,1759242011071134029,1759242438881054307
444,1759242011271134024,1759242439080970949
445,1759242011471134019,1759242439280980836
446,1759242011671134029,1759242439481041230
447,1759242011871134024,1759242439681154092
448,1759242012071134032,1759242439881077306
449,1759242012271134027,1759242440080951267
450,1759242012471134007,1759242440281046226
451,1759242012671134032,1759242440481124693
452,1759242012871134027,1759242440680957916
453,1759242013071134014,1759242440880947857
454,1759242013271134024,1759242441081163563
455,1759242013471134019,1759242441281090795
456,1759242013671134014,1759242441480982058
457,1759242013871134024,1759242441681129977
458,1759242014071134016,1759242441880956047
459,1759242014271134026,1759242442081123052
460,1759242014471134021,1759242442281138991
461,1759242014671134016,1759242442481041836
462,1759242014871134026,1759242442680981842
463,1759242015071134027,1759242442881025353
464,1759242015271134022,1759242443081160347
465,1759242015471134032,1759242443281047693
466,1759242015671134027,1759242443481208085
467,1759242015871134022,1759242443680987137
468,1759242016071134033,1759242443880989780
469,1759242016271134013,1759242444081222709
470,1759242016471134023,1759242444281097942
471,1759242016671134033,1759242444481002331
472,1759242016871134013,1759242444680980067
473,1759242017071134027,1759242444881207867
474,1759242017271134007,1759242445081125640
475,1759242017471134032,1759242445281137511
476,1759242017671134027,1759242445481042080
477,1759242017871134007,1759242445680990682
478,1759242018071134027,1759242445881137047
479,1759242018271134022,1759242446081210114
480,1759242018471134032,1759242446281170578
481,1759242018671134027,1759242446480998541
482,1759242018871134022,1759242446681209679
483,1759242019071134027,1759242446881159904
484,1759242019271134022,1759242447081160273
485,1759242019471134032,1759242447281130977
486,1759242019671134027,1759242447481172995
487,1759242019871134022,1759242447681130714
488,1759242020071134027,1759242447881244398
489,1759242020271134022,1759242448081144828
490,1759242020471134032,1759242448281263281
491,1759242020671134027,1759242448481130468
492,1759242020871134022,1759242448681145655
493,1759242021071134033,1759242448881045855
494,1759242021271134028,1759242449081249229
495,1759242021471134008,1759242449281041915
496,1759242021671134033,1759242449481122205
497,1759242021871134028,1759242449681042744
498,1759242022071134019,1759242449881126491
499,1759242022271134014,1759242450081107022
500,1759242022471134024,1759242450281116509
501,1759242022671134019,1759242450481245672
502,1759242022871134014,1759242450681054599
503,1759242023071134013,1759242450881127977
504,1759242023271134023,1759242451081298587
505,1759242023471134033,1759242451281200741
506,1759242023671134013,1759242451481108265
507,1759242023871134023,1759242451681107692
508,1759242024071134019,1759242451881122789
509,1759242024271134029,1759242452081212096
510,1759242024471134024,1759242452281132564
511,1759242024671134019,1759242452481276525
512,1759242024871134029,1759242452681300178
513,1759242025071134029,1759242452881122230
514,1759242025271134024,1759242453081121918
515,1759242025471134004,1759242453281249047
516,1759242025671134029,1759242453481198329
517,1759242025871134024,1759242453681222573
518,1759242026071134019,1759242453881080213
519,1759242026271134029,1759242454081133602
520,1759242026471134009,1759242454281301097
521,1759242026671134019,1759242454481152224
522,1759242026871134029,1759242454681311443
523,1759242027071134015,1759242454881318695
524,1759242027271134025,1759242455081243462
525,1759242027471134020,1759242455281240574
526,1759242027671134015,1759242455481103183
527,1759242027871134025,1759242455681279785
528,1759242028071134028,1759242455881231933
529,1759242028271134023,1759242456081176576
530,1759242028471134018,1759242456281107103
531,1759242028671134028,1759242456481242347
532,1759242028871134023,1759242456681163707
533,1759242029071134011,1759242456881109132
534,1759242029271134021,1759242457081321822
535,1759242029471134031,1759242457281270253
536,1759242029671134011,1759242457481206611
537,1759242029871134021,1759242457681174107
538,1759242030071134030,1759242457881205816
539,1759242030271134025,1759242458081157903
540,1759242030471134020,1759242458281127484
541,1759242030671134030,1759242458481181134
542,1759242030871134025,1759242458681315305
543,1759242031071134017,1759242458881181871
544,1759242031271134027,1759242459081244488
545,1759242031471134022,1759242459281143354
546,1759242031671134017,1759242459481345996
547,1759242031871134027,1759242459681233281
548,1759242032071134016,1759242459881138870
549,1759242032271134026,1759242460081152474
550,1759242032471134021,1759242460281260316
551,1759242032671134016,1759242460481235758
552,1759242032871134026,1759242460681249933
553,1759242033071134032,1759242460881338198
554,1759242033271134027,1759242461081165709
555,1759242033471134007,1759242461281158303
556,1759242033671134032,1759242461481286835
557,1759242033871134027,1759242461681230135
558,1759242034071134032,1759242461881177594
559,1759242034271134027,1759242462081173043
560,1759242034471134007,1759242462281218507
561,1759242034671134032,1759242462481168090
562,1759242034871134027,1759242462681172146
563,1759242035071134017,1759242462881361742
564,1759242035271134027,1759242463081305333
565,1759242035471134022,1759242463281250748
566,1759242035671134017,1759242463481366975
567,1759242035871134027,1759242463681416487
568,1759242036071134021,1759242463881203021
569,1759242036271134031,1759242464081411504
570,1759242036471134026,1759242464281522301
571,1759242036671134021,1759242464481429584
572,1759242036871134031,1759242464681287994
573,1759242037071134026,1759242464881303601
574,1759242037271134032,1759242465081300573
575,1759242037471134027,1759242465281237241
576,1759242037671134007,1759242465481351645
577,1759242037871134032,1759242465681195999
578,1759242038071134018,1759242465881217848
579,1759242038271134028,1759242466081308136
580,1759242038471134023,1759242466281306702
581,1759242038671134018,1759242466481302792
582,1759242038871134028,1759242466681209513
583,1759242039071134019,1759242466881217255
584,1759242039271134014,1759242467081233043
585,1759242039471134024,1759242467281402972
586,1759242039671134019,1759242467481381559
587,1759242039871134014,1759242467681233387
588,1759242040071134032,1759242467881296474
589,1759242040271134012,1759242468081409976
590,1759242040471134022,1759242468281377513
591,1759242040671134032,1759242468481465005
592,1759242040871134012,1759242468681296545
593,1759242041071134028,1759242468881392484
594,1759242041271134023,1759242469081460811
595,1759242041471134033,1759242469281345821
596,1759242041671134028,1759242469481402215
597,1759242041871134023,1759242469681304758
598,1759242042071134030,1759242469881416107
599,1759242042271134025,1759242470081242867
600,1759242042471134005,1759242470281447391
601,1759242042671134030,1759242470481295090
602,1759242042871134025,1759242470681327299
603,1759242043071134013,1759242470881251052
604,1759242043271134023,1759242471081503517
605,1759242043471134033,1759242471281252791
606,1759242043671134013,1759242471481451123
607,1759242043871134023,1759242471681425803
608,1759242044071134020,1759242471881261740
609,1759242044271134015,1759242472081429164
610,1759242044471134025,1759242472281308123
611,1759242044671134020,1759242472481424581
612,1759242044871134015,1759242472681421312
613,1759242045071134026,1759242472881416841
614,1759242045271134021,1759242473081525393
615,1759242045471134016,1759242473281395605
616,1759242045671134026,1759242473481303899
617,1759242045871134021,1759242473681372396
618,1759242046071134012,1759242473881301791
619,1759242046271134022,1759242474081454937
620,1759242046471134032,1759242474281460215
621,1759242046671134012,1759242474481279841
622,1759242046871134022,1759242474681288655
623,1759242047071134028,1759242474881533656
624,1759242047271134023,1759242475081520478
625,1759242047471134033,1759242475281500327
626,1759242047671134028,1759242475481433819
627,1759242047871134023,1759242475681521702
628,1759242048071134011,1759242475881538642
629,1759242048271134021,1759242476081475490
630,1759242048471134031,1759242476281402088
631,1759242048671134011,1759242476481477207
632,1759242048871134021,1759242476681317443
633,1759242049071134025,1759242476881509633
634,1759242049271134020,1759242477081417476
635,1759242049471134015,1759242477281396774
636,1759242049671134025,1759242477481473156
637,1759242049871134020,1759242477681527005
638,1759242050071134015,1759242477881418046
639,1759242050271134020,1759242478081411842
640,1759242050471134030,1759242478281535302
641,1759242050671134010,1759242478481508178
642,1759242050871134020,1759242478681532031
643,1759242051071134017,1759242478881554450
644,1759242051271134027,1759242479081540290
645,1759242051471134022,1759242479281560365
646,1759242051671134017,1759242479481503215
647,1759242051871134027,1759242479681561762
648,1759242052071134022,1759242479881438707
649,1759242052271134032,1759242480081437431
650,1759242052471134012,1759242480281507892
651,1759242052671134022,1759242480481513760
652,1759242052871134032,1759242480681380415
653,1759242053071134021,1759242480881348412
654,1759242053271134031,1759242481081470870
655,1759242053471134026,1759242481281506404
656,1759242053671134021,1759242481481377918
657,1759242053871134031,1759242481681397783
658,1759242054071134031,1759242481881454207
659,1759242054271134026,1759242482081407175
660,1759242054471134021,1759242482281398856
661,1759242054671134031,1759242482481496428
662,1759242054871134026,1759242482681555968
663,1759242055071134028,1759242482881609886
664,1759242055271134023,1759242483081406709
665,1759242055471134018,1759242483281610401
666,1759242055671134028,1759242483481398448
667,1759242055871134023,1759242483681497712
668,1759242056071134012,1759242483881506135
669,1759242056271134022,1759242484081418817
670,1759242056471134032,1759242484281546735
671,1759242056671134012,1759242484481407769
672,1759242056871134022,1759242484681625428
673,1759242057071134030,1759242484881431348
674,1759242057271134025,1759242485081427077
675,1759242057471134020,1759242485281397197
676,1759242057671134030,1759242485481497233
677,1759242057871134025,1759242485681389326
678,1759242058071134027,1759242485881649545
679,1759242058271134022,1759242486081400521
680,1759242058471134017,1759242486281557584
681,1759242058671134027,1759242486481502938
682,1759242058871134022,1759242486681468259
683,1759242059071134021,1759242486881514143
684,1759242059271134031,1759242487081646260
685,1759242059471134011,1759242487281629795
686,1759242059671134021,1759242487481527648
687,1759242059871134031,1759242487681497348
688,1759242060071134017,1759242487881620919
689,1759242060271134027,1759242488081555712
690,1759242060471134022,1759242488281477430
691,1759242060671134017,1759242488481492195
692,1759242060871134027,1759242488681424414
693,1759242061071134009,1759242488881562271
694,1759242061271134019,1759242489081563220
695,1759242061471134029,1759242489281562405
696,1759242061671134009,1759242489481636621
697,1759242061871134019,1759242489681666315
698,1759242062071134025,1759242489881673746
699,1759242062271134020,1759242490081523488
700,1759242062471134030,1759242490281670082
701,1759242062671134025,1759242490481492001
702,1759242062871134020,1759242490681682839
703,1759242063071134025,1759242490881556287
704,1759242063271134020,1759242491081664547
705,1759242063471134030,1759242491281645398
706,1759242063671134025,1759242491481668137
707,1759242063871134020,1759242491681498393
708,1759242064071134032,1759242491881541681
709,1759242064271134027,1759242492081680180
710,1759242064471134007,1759242492281544530
711,1759242064671134032,1759242492481492518
712,1759242064871134027,1759242492681500850
713,1759242065071134027,1759242492881500977
714,1759242065271134007,1759242493081676545
715,1759242065471134032,1759242493281610988
716,1759242065671134027,1759242493481731913
717,1759242065871134007,1759242493681534747
718,1759242066071134033,1759242493881492023
719,1759242066271134028,1759242494081699752
720,1759242066471134008,1759242494281669862
721,1759242066671134033,1759242494481704113
722,1759242066871134028,1759242494681583552
723,1759242067071134020,1759242494881536890
724,1759242067271134030,1759242495081495317
725,1759242067471134025,1759242495281640448
726,1759242067671134020,1759242495481515248
727,1759242067871134030,1759242495681547956
728,1759242068071134025,1759242495881635879
729,1759242068271134020,1759242496081665631
730,1759242068471134030,1759242496281652152
731,1759242068671134025,1759242496481736408
732,1759242068871134020,1759242496681547708
733,1759242069071134011,1759242496881626513
734,1759242069271134021,1759242497081644853
735,1759242069471134031,1759242497281562414
736,1759242069671134011,1759242497481746078
737,1759242069871134021,1759242497681692483
738,1759242070071134028,1759242497881669836
739,1759242070271134008,1759242498081664112
740,1759242070471134033,1759242498281669478
741,1759242070671134028,1759242498481741390
742,1759242070871134008,1759242498681719515
743,1759242071071134009,1759242498881713720
744,1759242071271134019,1759242499081561198
745,1759242071471134029,1759242499281536568
746,1759242071671134009,1759242499481722406
747,1759242071871134019,1759242499681688077
748,1759242072071134030,1759242499881646705
749,1759242072271134025,1759242500081646350
750,1759242072471134020,1759242500281745564
751,1759242072671134030,1759242500481745901
752,1759242072871134025,1759242500681648312
753,1759242073071134021,1759242500881799975
754,1759242073271134016,1759242501081636983
755,1759242073471134026,1759242501281794277
756,1759242073671134021,1759242501481549330
757,1759242073871134016,1759242501681750416
758,1759242074071134029,1759242501881561986
759,1759242074271134009,1759242502081764575
760,1759242074471134019,1759242502281618044
761,1759242074671134029,1759242502481605025
762,1759242074871134009,1759242502681734316
763,1759242075071134028,1759242502881600269
764,1759242075271134008,1759242503081673553
765,1759242075471134033,1759242503281742830
766,1759242075671134028,1759242503481619113
767,1759242075871134008,1759242503681815209
768,1759242076071134023,1759242503881817229
769,1759242076271134033,1759242504081832554
770,1759242076471134013,1759242504281733192
771,1759242076671134023,1759242504481667043
772,1759242076871134033,1759242504681662150
773,1759242077071134029,1759242504881724514
774,1759242077271134024,1759242505081631574
775,1759242077471134019,1759242505281631460
776,1759242077671134029,1759242505481779605
777,1759242077871134024,1759242505681751188
778,1759242078071134021,1759242505881597062
779,1759242078271134031,1759242506081674615
780,1759242078471134011,1759242506281651908
781,1759242078671134021,1759242506481813750
782,1759242078871134031,1759242506681681736
783,1759242079071134023,1759242506881817338
784,1759242079271134033,1759242507081750398
785,1759242079471134013,1759242507281660684
786,1759242079671134023,1759242507481715373
787,1759242079871134033,1759242507681831469
788,1759242080071134027,1759242507881666452
789,1759242080271134022,1759242508081685284
790,1759242080471134032,1759242508281813111
791,1759242080671134027,1759242508481622186
792,1759242080871134022,1759242508681805278
793,1759242081071134021,1759242508881744589
794,1759242081271134031,1759242509081686545
795,1759242081471134011,1759242509281723761
796,1759242081671134021,1759242509481848953
797,1759242081871134031,1759242509681628753
798,1759242082071134022,1759242509881844036
799,1759242082271134032,1759242510081812502
800,1759242082471134012,1759242510281759538
801,1759242082671134022,1759242510481715971
802,1759242082871134032,1759242510681667034
803,1759242083071134025,1759242510881843243
804,1759242083271134005,1759242511081646827
805,1759242083471134030,1759242511281876988
806,1759242083671134025,1759242511481730236
807,1759242083871134005,1759242511681668525
808,1759242084071134030,1759242511881870162
809,1759242084271134018,1759242512081873774
810,1759242084471134028,1759242512281729898
811,1759242084671134023,1759242512481878635
812,1759242084871134018,1759242512681860056
813,1759242085071134020,1759242512881714646
814,1759242085271134015,1759242513081818398
815,1759242085471134025,1759242513281903284
816,1759242085671134020,1759242513481916735
817,1759242085871134015,1759242513681845787
818,1759242086071134029,1759242513881861903
819,1759242086271134024,1759242514081704310
820,1759242086471134019,1759242514281890418
821,1759242086671134029,1759242514481848845
822,1759242086871134024,1759242514681821388
823,1759242087071134031,1759242514881751231
824,1759242087271134011,1759242515081896792
825,1759242087471134021,1759242515281922616
826,1759242087671134031,1759242515481888678
827,1759242087871134011,1759242515681726045
828,1759242088071134026,1759242515881934685
829,1759242088271134021,1759242516081697262
830,1759242088471134016,1759242516281886766
831,1759242088671134026,1759242516481725236
832,1759242088871134021,1759242516681882779
833,1759242089071134019,1759242516881734444
834,1759242089271134029,1759242517081729510
835,1759242089471134024,1759242517281813334
836,1759242089671134019,1759242517481793292
837,1759242089871134029,1759242517681741228
838,1759242090071134027,1759242517881840772
839,1759242090271134022,1759242518081873058
840,1759242090471134032,1759242518281843528
841,1759242090671134027,1759242518481725400
842,1759242090871134022,1759242518681917068
843,1759242091071134015,1759242518881943032
844,1759242091271134025,1759242519081753349
845,1759242091471134020,1759242519281943804
846,1759242091671134015,1759242519481902511
847,1759242091871134025,1759242519681799352
848,1759242092071134027,1759242519881744974
849,1759242092271134022,1759242520081882840
850,1759242092471134032,1759242520281794959
851,1759242092671134027,1759242520481917937
852,1759242092871134022,1759242520681788918
853,1759242093071134011,1759242520881942734
854,1759242093271134021,1759242521082018292
855,1759242093471134031,1759242521281916245
856,1759242093671134011,1759242521481813666
857,1759242093871134021,1759242521681854779
858,1759242094071134007,1759242521881903787
859,1759242094271134032,1759242522081795086
860,1759242094471134027,1759242522281893758
861,1759242094671134007,1759242522481892171
862,1759242094871134032,1759242522681844405
863,1759242095071134029,1759242522881812961
864,1759242095271134024,1759242523081944175
865,1759242095471134004,1759242523281813342
866,1759242095671134029,1759242523481794642
867,1759242095871134024,1759242523681784788
868,1759242096071134012,1759242523881944876
869,1759242096271134022,1759242524081803324
870,1759242096471134032,1759242524281943764
871,1759242096671134012,1759242524481883165
872,1759242096871134022,1759242524681944356
873,1759242097071134033,1759242524881944300
874,1759242097271134028,1759242525081943684
875,1759242097471134023,1759242525281835585
876,1759242097671134033,1759242525481874644
877,1759242097871134028,1759242525682009293
878,1759242098071134032,1759242525882037853
879,1759242098271134027,1759242526082013261
880,1759242098471134007,1759242526281866199
881,1759242098671134032,1759242526481922439
882,1759242098871134027,1759242526681946009
883,1759242099071134033,1759242526881949160
884,1759242099271134013,1759242527081896376
885,1759242099471134023,1759242527281871092
886,1759242099671134033,1759242527481809120
887,1759242099871134013,1759242527681817521
888,1759242100071134022,1759242527882062950
889,1759242100271134032,1759242528081942087
890,1759242100471134012,1759242528281844757
891,1759242100671134022,1759242528481925415
892,1759242100871134032,1759242528682012054
893,1759242101071134027,1759242528881934912
894,1759242101271134022,1759242529081831131
895,1759242101471134032,1759242529282009343
896,1759242101671134027,1759242529481826192
897,1759242101871134022,1759242529681829854
898,1759242102071134033,1759242529881924006
899,1759242102271134028,1759242530081836887
900,1759242102471134008,1759242530282051146
901,1759242102671134033,1759242530482014182
902,1759242102871134028,1759242530682034585
903,1759242103071134019,1759242530882013710
904,1759242103271134029,1759242531081950165
905,1759242103471134009,1759242531282012738
906,1759242103671134019,1759242531482033562
907,1759242103871134029,1759242531682039248
908,1759242104071134020,1759242531882078316
909,1759242104271134030,1759242532081924691
910,1759242104471134010,1759242532282099246
911,1759242104671134020,1759242532481949447
912,1759242104871134030,1759242532682088675
913,1759242105071134026,1759242532881914150
914,1759242105271134021,1759242533082023612
915,1759242105471134016,1759242533282028166
916,1759242105671134026,1759242533482085839
917,1759242105871134021,1759242533682079802
918,1759242106071134012,1759242533881876142
919,1759242106271134022,1759242534082078369
920,1759242106471134032,1759242534281944570
921,1759242106671134012,1759242534481945918
922,1759242106871134022,1759242534681919553
923,1759242107071134013,1759242534882098025
924,1759242107271134023,1759242535081882803
925,1759242107471134033,1759242535281945085
926,1759242107671134013,1759242535482077770
927,1759242107871134023,1759242535682020506
928,1759242108071134029,1759242535882001035
929,1759242108271134009,1759242536081922060
930,1759242108471134019,1759242536281908108
931,1759242108671134029,1759242536481944030
932,1759242108871134009,1759242536681945398
933,1759242109071134030,1759242536882006358
934,1759242109271134025,1759242537082055745
935,1759242109471134005,1759242537281998011
936,1759242109671134030,1759242537482041507
937,1759242109871134025,1759242537681998070
938,1759242110071134030,1759242537882075371
939,1759242110271134025,1759242538082037223
940,1759242110471134020,1759242538281941467
941,1759242110671134030,1759242538482146048
942,1759242110871134025,1759242538681918712
943,1759242111071134029,1759242538882174340
944,1759242111271134024,1759242539081944319
945,1759242111471134004,1759242539282175231
946,1759242111671134029,1759242539481943999
947,1759242111871134024,1759242539682160472
948,1759242112071134005,1759242539882011164
949,1759242112271134030,1759242540082081061
950,1759242112471134025,1759242540282110591
951,1759242112671134005,1759242540481945203
952,1759242112871134030,1759242540681944897
953,1759242113071134016,1759242540881949099
954,1759242113271134026,1759242541082182394
955,1759242113471134021,1759242541282072551
956,1759242113671134016,1759242541482005679
957,1759242113871134026,1759242541682162119
958,1759242114071134028,1759242541882076712
959,1759242114271134023,1759242542082206322
960,1759242114471134033,1759242542282077813
961,1759242114671134028,1759242542481956177
962,1759242114871134023,1759242542682166068
963,1759242115071134015,1759242542882149110
964,1759242115271134025,1759242543082173561
965,1759242115471134020,1759242543282145332
966,1759242115671134015,1759242543482076105
967,1759242115871134025,1759242543681963908
968,1759242116071134029,1759242543882202293
969,1759242116271134024,1759242544082003181
970,1759242116471134019,1759242544282077875
971,1759242116671134029,1759242544482182217
972,1759242116871134024,1759242544681987373
973,1759242117071134026,1759242544882175233
974,1759242117271134021,1759242545081982793
975,1759242117471134031,1759242545282072216
976,1759242117671134026,1759242545482201094
977,1759242117871134021,1759242545682174378
978,1759242118071134031,1759242545882136460
979,1759242118271134032,1759242546082140292
980,1759242118471134027,1759242546282136017
981,1759242118671134007,1759242546482165237
982,1759242118871134032,1759242546682007613
